Fire_Size,Fire_Size_Class,Fire_Cause,Latitude,Longitude,State,Discovery_Month,Discovery_Date,Discovery_Year,Vegetation,Fire_Magnitude,Temp_Pre_30,Temp_Pre_15,Temp_Pre_7,Temp_Present,Wind_Pre_30,Wind_Pre_15,Wind_Pre_7,Wind_Present,Hum_Pre_30,Hum_Pre_15,Hum_Pre_7,Hum_Present,Prec_Pre_30,Prec_Pre_15,Prec_Pre_7,Prec_Present
60,C,Arson,34.9478,-88.7225,MS,Feb,1/30/2004,2004,16,1,4.971929825,5.782765957,5.55875,13.69660023,3.364499484,2.923829787,2.695833333,3.36905041,75.53162853,75.86861314,76.81283422,65.06380028,168.8,42.2,18.1,124.5
1,B,Campfire,30.90472001,-93.55749999,TX,Nov,10/13/2005,2005,12,0.1,16.8519389,16.99778271,20.43478261,11.98555957,1.331257344,1.472949002,1.424782609,2.148856799,72.89947781,75.06138107,77.92462312,70.73291139,28.4,27.5,1.2,55.4
8.3,B,Debris Burning,30.84533929,-83.12798679,GA,Mar,2/4/2010,2010,12,0.1,8.410982659,9.007192575,8.209,14.32804746,1.98867052,1.745011601,2.2245,1.750701187,71.26086957,69.28103044,64.7979798,73.07207207,76.3,26.2,8.4,40.5
1,B,Miscellaneous,42.73193374,-77.90597641,NY,Apr,3/4/2010,2010,4,0.1,5.181472957,6.003609342,7.773429952,11.37532934,3.011635945,3.221656051,3.744927536,2.872771084,68.640553,69.55626327,63.96618357,59.95679797,52.9,38.4,2.3,30.5
20,C,Arson,31.1222,-88.0994,AL,Jun,5/5/2000,2000,12,1,24.56617502,25.54887064,25.23287037,25.6104251,3.414215202,3.272371134,2.899537037,2.623312883,73.71797885,74.60332542,69.44059406,77.47122693,93.7,85.3,41.4,154.3
2,B,Debris Burning,33.669209,-95.490213,TX,Sep,8/7/2011,2011,16,0.1,31.0192783,30.14500942,29.62350598,23.27791321,3.81606525,4.079190207,4.968924303,3.674487805,50.60751359,51.31638418,45.21912351,46.01573255,1.8,1.8,1.5,9.2
20,C,Debris Burning,32.56499998,-96.1751,TX,Sep,8/22/2005,2005,12,1,28.1309371,27.08040201,27.21354167,23.61437908,2.772785623,3.123869347,3.3390625,3.22496732,58.74293059,61.82871537,67.11518325,61.75294118,38.6,32,29,26.5
2,B,Debris Burning,47.21028723,-93.47281993,MN,May,4/2/2009,2009,15,0.1,4.751851852,6.52962963,5.023809524,10.567718,3.919036591,4.261538462,3.709722222,4.295313225,54.65678555,60.53846154,64.08333333,55.83758701,11.6,11.1,11.1,30.6
1,B,Arson,32.38856,-94.68856,TX,Oct,9/16/1999,1999,12,0.1,21.44210526,21.03448276,22.19393939,15.50313676,2.482307692,2.15508982,1.855063291,2.505447471,63.90877797,66.1557971,70.60740741,66.53044872,65.6,51.9,38.4,33.9
19.3,C,Debris Burning,31.2408,-81.5575,GA,Mar,2/14/1999,1999,12,1,12.50716332,12.78894472,12.48039216,19.88528678,3.890544413,4.315577889,3.783333333,3.755361596,53.97468354,49.94382022,62.05952381,54.91091954,30.4,21.3,17,8.7
10,C,Equipment Use,43.94039999,-98.51480001,SD,Oct,9/27/2003,2003,9,1,12.91572327,11.37772397,11.1182266,1.119103774,3.999496855,3.522760291,4.115270936,5.178748524,60.4327044,62.28329298,59.13300493,73.18996416,38.4,4.1,2.3,9.4
1,B,Debris Burning,37.82518,-93.74782,MO,Sep,8/27/1999,1999,0,0.1,20.14767025,16.72348993,15.39292035,14.31549894,2.715053763,2.620134228,2.642477876,3.458029979,66.69558824,68.59444444,72.47337278,65.76098191,41.2,1,1,72.5
1,B,Smoking,37.2936,-83.2331,KY,Mar,2/25/1998,1998,0,0.1,5.081005025,5.671399594,6.278205128,12.88555885,2.882211055,2.929208925,3.159401709,2.908704253,71.16178067,69.3539823,73.00913242,65.50119332,76.7,38.4,25.2,208.7
1,B,Equipment Use,30.2370808,-97.8383698,TX,Nov,10/5/2011,2011,12,0.1,20.10858961,18.12543103,15.1549763,16.4027972,3.517608696,3.408590308,3.91902439,3.646598985,62.74908201,61.02919708,58.74634146,67.78342541,89.8,0.3,0.3,123
1,B,Arson,40.74611111,-75.74861111,PA,Apr,3/27/2009,2009,15,0.1,9.215850144,9.625352113,11.3237069,16.26080139,3.860617761,3.738585859,3.499137931,2.540087336,66.97291667,63.14468085,65.28504673,70.04216867,182.8,66.4,42.8,194.6
3,B,Lightning,30.11,-82.04,FL,Jun,5/24/1998,1998,12,0.1,27.63648834,28.13579235,28.64519774,27.68822751,2.950961538,2.981369863,2.499431818,2.422516556,69.59044863,66.72443182,66.29447853,76.70949721,6.4,5.6,5.6,168.6
1,B,Miscellaneous,35.150426,-101.856664,TX,Jul,6/4/2013,2013,15,0.1,24.9340628,26.04095427,25.55291667,24.80393701,6.667078972,6.820874751,4.834583333,5.978740157,53.11512845,47.82107356,43.4,57.42030276,142.4,49.4,13.2,94.6
1,B,Debris Burning,34.1156,-81.4619,SC,Apr,3/4/1999,1999,16,0.1,11.61438356,14.40474138,15.06454545,18.26821886,2.938127854,2.718318966,2.493636364,3.993480792,63.15903308,67.8490099,67.00574713,65.66066838,34.8,20.2,13.5,71.2
0.58,B,Miscellaneous,31.04372295,-84.97758751,GA,Oct,10/1/2008,2008,12,0.1,19.33212766,16.07959184,13.9,14.09079545,2.581914894,2.624716553,3.028037383,1.996359499,71.94036209,70.76590909,72.04225352,72.55569007,138.7,61.7,59.2,61.3
35,C,Debris Burning,30.2006,-81.705,FL,Apr,3/6/2000,2000,12,1,18.47524752,19.14356436,20.4974359,18.55181024,3.640652447,3.89275,4.171649485,3.43463035,74.00849858,74.17183099,74.38690476,69.68413392,42.3,25.8,9.2,43.9
10,C,Arson,33.37021,-98.44781,TX,Feb,1/29/2006,2006,16,1,8.372812135,7.059375,8.493939394,15.32087156,3.899649942,3.98375,3.058441558,4.760091743,61.56924883,71.10947368,78.98230088,59.33993015,86.5,69.4,69.4,76.1
2,B,Debris Burning,33.6767,-86.9606,AL,Sep,8/19/1997,1997,16,0.1,24.00859788,23.22997347,22.94378698,21.25517241,2.397086093,2.33962766,2.00297619,2.667688378,71.7188755,67.97843666,66.46385542,74.37433155,13.5,11.7,4.1,112.8
2,B,Debris Burning,35.125,-82.5203,SC,Mar,1/31/2001,2001,15,0.1,7.1062249,8.263043478,8.924680851,6.559737828,3.225025329,3.69241517,3.457758621,4.284160305,69.29181929,70.07416268,64.01092896,64.58501119,138.8,105.6,56.4,177.4
3,B,Arson,31.6086,-89.8714,MS,Jun,5/30/2006,2006,12,0.1,26.20965452,26.84651601,26.94246032,26.73408049,1.815759584,1.847363465,1.987301587,1.72572593,65.65918164,67.4248497,63.39029536,71.46104651,81.3,36.6,34.8,4.6
2,B,Campfire,38.43800893,-81.34133251,WV,Dec,11/16/2006,2006,0,0.1,5.883026188,3.910196078,6.122321429,7.398926655,2.108382066,2.875442043,1.877130045,1.801433692,62.93957115,55.95481336,54.43049327,69.22043011,39.4,5.2,1.6,75.8
1,B,Miscellaneous,38.00945,-77.46472,VA,Feb,1/11/2008,2008,0,0.1,4.82731377,7.561097257,11.97633136,6.078346028,1.993340858,2.365336658,2.769230769,2.520674646,65.14105505,59.64871795,59.625,65.70928962,93.2,54.6,0.6,74.1
1,B,Debris Burning,34.3428,-89.8114,MS,Sep,8/20/2000,2000,16,0.1,28.13318078,25.18903803,23.8960199,19.89769989,3.535225956,3.854318182,3.432663317,3.691951488,55.67439166,61.35681818,52.1758794,61.72166105,21.8,21.8,17.8,56
1.5,B,Lightning,33.7319444,-109.026667,NM,Jul,6/18/2010,2010,16,0.1,24.02811671,24.79572193,25.51436782,26.13095238,3.772413793,3.532352941,3.047126437,4.513095238,28.45949535,33.35294118,40.27011494,46.64285714,0.8,0.8,0.8,11.2
35,C,Missing/Undefined,37.52616001,-83.67308001,KY,Nov,10/6/2006,2006,0,1,10.74042743,8.610380623,10.05119048,8.332359081,1.339536955,1.439100346,1.235714286,1.656680585,76.04627007,72.93295019,65.98181818,68.75438596,137.9,73.2,16.3,52.6
4.5,B,Debris Burning,44.33319999,-100.117,SD,Apr,3/13/2006,2006,15,0.1,2.284859366,8.27064803,10.98309859,11.75888817,5.73940678,5.825520833,5.777259475,5.167249191,73.86095593,69.73541384,60.35798817,66.97120419,12.9,8,0.8,15.1
1,B,Miscellaneous,33.2110576,-99.77,TX,Dec,11/18/2013,2013,16,0.1,4.144818182,1.757494867,6.130857143,4.953982301,4.064076782,4.53100616,3.562857143,4.263716814,71.1102873,66.61825726,59.22285714,73.73522459,20.3,3,0.5,15
2,B,Debris Burning,32.0363041,-98.4500262,TX,Sep,8/11/2014,2014,12,0.1,28.39248015,27.73988868,26.78469185,23.76278528,2.826623073,2.762801484,2.621471173,2.383977643,54.70948155,60.50742115,65.08946322,61.84583139,41.3,30,3.3,16.4
3,B,Arson,33.7481,-87.6419,AL,Feb,1/12/1999,1999,16,0.1,14.08376289,14.95089286,16.4097561,9.810771114,2.422680412,2.426116071,2.128292683,2.78629131,75.5615142,77.84548105,69.875,62.41103448,168.9,149.4,12.4,111.4
1,B,Missing/Undefined,28.78694001,-81.09472998,FL,May,4/9/2004,2004,12,0.1,22.03084223,23.10091743,22.98564593,25.80294906,3.690984579,3.489908257,3.405263158,3.538203753,70.6377858,73.85480094,72.79710145,67.91451832,95.6,54.7,50.4,35
1,B,Equipment Use,34.95,-79.55,NC,Nov,10/7/2000,2000,16,0.1,14.47510669,14.68245125,12.31547619,8.229954614,1.959886202,1.966295265,1.214880952,2.558547655,63.03025719,65.0845481,63.7721519,69.17176871,4.3,1.8,1.8,56.4
5,B,Debris Burning,31.56061498,-96.29158335,TX,Feb,1/24/2009,2009,12,0.1,10.4107064,13.51704545,11.31122995,14.43771314,4.477654867,4.587471526,4.222043011,5.222927329,63.70852018,63.08372093,56.90810811,67.83168317,22.7,17.8,2.6,42.4
109,D,Debris Burning,31.10221999,-93.93528001,TX,Apr,3/30/2005,2005,12,3,18.34519104,18.50692521,17.68306011,21.02930832,2.333992095,2.03933518,2.440437158,1.678429074,73.05179856,70.12209302,66.90285714,70.20576671,46.8,1.8,1.8,20.6
20,C,Debris Burning,32.1567,-95.54642,TX,Feb,1/8/2008,2008,12,1,7.741522843,8.410687023,13.06574074,11.12391714,4.004771574,4.497709924,5.57037037,4.748022599,68.96232179,70.82725528,66.65277778,69.90480679,43.2,31.1,15.5,122.3
23,C,Children,42.1167,-96.367,NE,Apr,3/18/1999,1999,9,1,7.294514286,7.708333333,7.04,12.55256831,6.634742857,7.657539683,8.3768,5.753879781,67.40632319,76.54268293,81.64049587,75.32291667,46.5,44.5,16.3,29.8
3,B,Lightning,46.81194444,-115.3441667,ID,Aug,7/12/2015,2015,15,0.1,14.45768786,16.47345845,15.68604651,10.38570234,2.107508939,2.027472527,2.208284024,2.248676345,49.33206107,38.87637363,40.50887574,60.8446411,28.2,3.3,0.3,20.2
5,B,Miscellaneous,28.84314273,-98.72458693,TX,Mar,2/16/2009,2009,12,0.1,16.31855422,16.82156489,12.01434426,20.20961538,3.110848602,3.44565425,2.288934426,3.55998076,54.72025316,65.63821138,67.7944664,46.35023041,3.6,3.6,3.6,1.5
25,C,Debris Burning,30.58161,-88.28403,AL,Feb,1/2/1994,1994,12,1,8.23125,8.646666667,11.72559524,13.06666667,4.067777778,4.0475,4.101190476,3.702916667,68.55913978,65.69253731,80.3125,71.26226734,654,431.8,357.8,320.4
5,B,Miscellaneous,32.85305555,-116.885,CA,Jul,6/11/2005,2005,12,0.1,17.9516129,17.72663551,18.07106599,19.90857788,2.254147465,2.099766355,2.003553299,1.99537246,73.60950174,74.29550827,73.9035533,79.30602958,2.9,1.5,0.6,2.1
2,B,Miscellaneous,37.11305555,-120.3469444,CA,Jan,1/1/2007,2007,0,0.1,4.61084855,5.639908257,7.474468085,8.600308325,1.652524168,1.367889908,1.614042553,2.131963001,72.8529755,70.98765432,76.98571429,78.73574561,12.2,3.8,3.8,49.1
41.28,C,Debris Burning,33.11641583,-83.40968181,GA,Apr,3/5/2004,2004,16,1,15.13263041,14.8155902,15.0940367,18.73346044,3.173140954,3.136080178,3.593119266,2.772041985,55.84572697,56.83741648,59.97706422,61.67366412,26.8,22,14.8,135.2
50,C,Arson,38.3936,-82.8272,KY,Nov,10/8/1999,1999,0,1,13.08074534,11.50915493,11.59559471,10.03984716,2.169239766,2.48030303,2.843718593,2.526602177,65.94352617,57.52367688,60.0617284,62.96105702,97.1,30.8,29.5,43.5
2,B,Debris Burning,33.31781504,-98.5987667,TX,Jul,7/1/2009,2009,16,0.1,29.89647332,28.22990741,28.20575397,29.68958333,2.634941995,2.481203704,2.343849206,2.70125,52.45769962,58.96053898,60.18358531,53.73784159,91.1,88.1,68,11.2
50,C,Arson,37.7697,-83.6672,KY,Feb,1/26/1997,1997,0,1,3.910746269,4.062900188,10.1165,9.103542234,2.726368159,2.758003766,3.5265,3.208174387,71.5250291,70.89035088,61.63131313,65.72979215,80.4,21.2,10.7,292.3
250,D,Lightning,34.825535,-101.027527,TX,Aug,7/9/2011,2011,16,3,29.93486056,29.67258383,29.41859504,27.76411531,5.537924152,5.26950495,5.166666667,5.227072927,37.51097804,39.10693069,39.825,40.60782347,55.4,20.8,16.2,18.2
25,C,Arson,33.0331,-86.7289,AL,Sep,8/21/2000,2000,16,1,25.03404255,23.31638418,22.40606061,18.53781513,1.351608187,1.563841808,1.403030303,1.524229692,69.52664577,70.54268293,61.56849315,65.21503759,8.1,4.8,0.3,36.1
0.52,B,Miscellaneous,32.73962,-93.95191,LA,Mar,2/24/2014,2014,12,0.1,10.38708375,13.48966292,14.18115183,16.18498965,2.964379415,3.350561798,2.640314136,3.629503106,72.7360673,66.83031674,61.04712042,73.93507853,56.2,31,0.3,153.9
2,B,Miscellaneous,30.18590914,-98.07688903,TX,Jul,6/4/2009,2009,12,0.1,29.16080937,30.46490066,30.37804878,30.58980687,3.993274531,3.111845103,2.460913706,3.744369369,60.98208287,58.53986333,58.95939086,59.77262443,90.9,50.9,42.7,32.2
1,B,Miscellaneous,33.145448,-86.70158,AL,Feb,1/29/2010,2010,16,0.1,4.757841141,4.727828054,6.719339623,10.06693795,2.499488753,2.446832579,2.380188679,2.503665988,70.33544304,62.86511628,61.07,72.66975309,136.9,14.7,14.2,142.2
33,C,Missing/Undefined,37.37890002,-83.44139997,KY,Mar,2/28/2006,2006,0,1,7.447342026,4.360433071,4.881782946,15.87438905,2.147891566,1.737992126,1.656589147,1.973313783,62.51706827,64.63385827,69.37209302,63.16422287,66.1,11.9,4.1,117.1
1,B,Debris Burning,34.6242,-92.3533,AR,Jul,6/17/1999,1999,16,0.1,25.75421687,26.68909091,24.86117021,29.59959732,3.08060241,2.792207792,2.891489362,2.789530201,77.82962963,77.76302083,78.14973262,67.12803235,119.5,58.4,58.4,11.6
1,B,Debris Burning,36,-81.35,NC,Feb,1/5/2001,2001,15,0.1,4.709058403,4.971867008,6.69244186,8.090511727,2.084330144,2.725319693,2.71627907,2.283853606,59.12215909,53.69467787,53.86826347,65.30828221,50.2,38.8,8.6,63.4
1,B,Missing/Undefined,42.59845,-96.59732,SD,Feb,1/30/2000,2000,4,0.1,0.333104126,2.910771993,8.32189781,5.874653887,4.956200787,4.955935252,4.806593407,4.48875803,75.18031088,78.54851485,78.8963964,65.73946785,26,21.4,17.5,27.3
9.95,B,Debris Burning,31.36263391,-82.89835757,GA,Oct,9/24/2005,2005,12,0.1,22.89841112,20.75870445,20.01493776,15.30039254,1.925024826,1.327327935,0.805394191,1.851815505,81.04229607,79.64669421,78.91774892,74.85353535,57.7,0.3,0.3,55.1
1,B,Debris Burning,31.437347,-94.804238,TX,Aug,7/29/2012,2012,12,0.1,28.19416126,27.29444444,25.7281746,24.98420074,2.174791474,2.335740741,2.316269841,2.18855814,66.72242817,66.45277778,69.09126984,68.63023256,26.2,19.3,19.3,104.4
10,C,Equipment Use,41.40636,-102.966,NE,Jul,6/2/2007,2007,15,1,19.60883028,21.95136986,21.61649485,23.50691193,5.984174312,6.148630137,6.510309278,4.784392419,58.48126464,53.63761468,52.77835052,59.48342857,30.3,11.2,4.6,37.7
1,B,Debris Burning,33.5122,-89.8317,MS,Sep,8/2/2000,2000,16,0.1,28.59068493,29.45616438,29.95,23.40165094,2.161813187,2.061432507,1.939880952,3.112617925,65.18681319,61.96418733,61.56547619,69.38545455,2.9,0.8,0.8,14
2,B,Campfire,32.67292,-95.01875,TX,Sep,8/21/1999,1999,12,0.1,26.44383562,24.79646018,22.58992806,20.41536273,2.42109589,2.381710914,1.984892086,2.7069869,65.24550898,64.58842444,59.52755906,67.18555008,28,6.4,0.3,71.2
4,B,Debris Burning,33.3444,-90.4514,MS,Nov,10/6/2005,2005,16,0.1,14.44459161,11.72944162,12.91513514,13.64419695,2.030905077,2.44213198,2.391351351,3.68147714,72.58169177,68.65217391,69.08743169,65.55771567,5.7,4.6,4.6,88.4
1,B,Missing/Undefined,31.996263,-90.324272,MS,Oct,9/26/2010,2010,12,0.1,19.93591731,20.02568579,20.1975,15.0127907,1.891709845,2.028571429,2.535353535,2.30259624,57.36953642,61.47643979,67.52173913,78.03406814,10.9,6.6,6.1,143.3
3,B,Miscellaneous,33.5875,-81.6375,SC,Apr,3/11/1997,1997,16,0.1,16.29043779,17.64401914,18.48324324,16.48730512,3.300576037,3.648564593,3.489189189,3.327728285,59.86536108,54.02955665,51.03783784,65.35574572,33.3,13.5,3.3,130.1
100,D,Miscellaneous,33.686855,-98.74498,TX,Jun,5/23/2013,2013,16,3,26.70177819,27.326742,27.43841463,29.01618911,5.325222274,3.785781544,3.738617886,4.002727273,57.92419279,56.84180791,61.29674797,47.34497608,6.9,1.9,0.8,0.8
2,B,Smoking,37.95,-120.4211111,CA,Oct,9/10/2008,2008,0,0.1,22.4886921,23.00294906,20.03055556,16.69398693,2.714032698,2.5769437,2.730555556,2.17434555,51.24420191,50.09946237,60.64804469,55.60863874,12,12,12,8.8
10,C,Arson,37.4961,-83.3867,KY,Apr,3/7/2001,2001,0,1,6.592910849,6.976694915,8.87992278,16.36521226,2.648574822,2.409579439,2.171111111,2.799386503,61.50570342,61.80051151,70.1,55.75313283,60.3,31.9,24,23
1,B,Lightning,31.06063,-98.36158001,TX,Sep,8/24/2006,2006,12,0.1,25.6489842,24.73809524,24.80995475,21.90097933,2.831151242,2.81991342,3.616742081,2.913710555,63.57562077,66.68398268,66.12217195,65.31526549,111.6,58.8,10.2,133.4
15.28,C,Railroad,31.45626247,-82.5208346,GA,Oct,9/25/2006,2006,12,1,21.77922078,21.4,21.37078652,13.57374245,2.048051948,2.307058824,2.541573034,2.669215292,69.71698113,66.78767123,64.97101449,75.75216853,21.4,0.3,0.3,50.1
3,B,Debris Burning,32.526862,-94.596785,TX,Sep,8/16/2014,2014,12,0.1,27.78474758,27.01966173,25.93619048,23.74604167,2.138054054,1.957356077,2.036538462,1.886339937,73.15027027,74.95948827,74.55769231,77.69400631,22.4,9.9,0.5,75.4
2,B,Miscellaneous,39.29277999,-75.23615001,NJ,Mar,2/14/2006,2006,0,0.1,5.232095491,8.073878628,13.67759563,9.175461741,5.147214854,5.400527704,5.891803279,4.682585752,55.35524476,56.55858311,59.94827586,56.79480164,8.9,6.1,1.3,27.4
3.9,B,Arson,34.4644,-85.3808,GA,Mar,1/31/1999,1999,16,0.1,8.20325779,6.607932011,7.096932515,8.782237762,2.252974504,2.15184136,2.052760736,2.726713287,68.54121306,65.47865854,65.56578947,60.55620438,28.7,28.7,21.6,22.7
7,B,Debris Burning,31.67722,-94.51861,TX,Sep,8/28/2002,2002,12,0.1,25.31217184,24.43140965,22.96558704,19.75428292,2.321622912,2.595364238,3.49534413,2.0319628,71.04719324,69.29035433,63.05042017,77.6398053,53.4,13.7,8.1,64.8
1,B,Debris Burning,35.0374,-81.37038,SC,Mar,2/26/2008,2008,15,0.1,11.8416198,13.20422222,12.36368715,14.50049358,2.383239595,2.374666667,2.903910615,2.496544916,58.30708661,56.29555556,41.44134078,70.68972332,102,51.5,20.8,58.1
8,B,Arson,42.120559,-77.921957,NY,Apr,3/13/2006,2006,9,0.1,1.102795031,4.104861111,1.807986111,10.35212528,4.730512422,4.119444444,3.556944444,3.505369128,73.67493995,69.7876588,72.12222222,59.96726862,63.5,35.6,8.9,40.9
1,B,Arson,29.16778,-82.58111,FL,Sep,8/31/2006,2006,12,0.1,25.24286383,24.78107607,23.90039841,21.62721342,1.534411627,1.41996286,1.403784861,2.079962721,76.8806391,72.76230269,71.14143426,66.88397018,76.4,28.3,0.3,13.8
2,B,Miscellaneous,40.57239532,-101.9798584,NE,Jun,5/27/2009,2009,15,0.1,18.25439331,19.70320641,22.57920792,22.84744608,3.811401674,3.576953908,3.52029703,4.003412969,71.81422505,74.07010309,67.12182741,67.20457143,91.1,59.6,5.6,107.4
2,B,Debris Burning,38.73519239,-81.56167083,WV,Mar,2/17/2010,2010,0,0.1,3.856309835,7.689051095,9.234628975,13.94552381,2.197009675,1.463011152,1.7925,2.283942308,74.1561939,69.73603083,78.01532567,57.28042843,113,89,85.2,173.9
1.5,B,Lightning,29.83667,-85.20165997,FL,Jun,5/11/2007,2007,12,0.1,24.42647059,24.92459016,25.91347518,27.01954733,4.139918534,4.344808743,4.654255319,3.019381443,68.7586558,72.60837887,77.35815603,71.62264151,9.8,0.6,0.6,135.4
7,B,Children,30.12,-81.79,FL,Apr,3/12/2000,2000,12,0.1,17.96886675,18.3101737,15.70056497,19.78589421,3.973611111,4.13071066,3.977647059,3.151958225,71.85220994,68.78089888,63.15757576,72.02269289,46.5,30,5.1,39.9
1,B,Miscellaneous,46.350745,-94.185656,MN,May,4/12/1996,1996,9,0.1,4.661899038,6.379123711,6.895073892,13.60340219,2.738795181,2.177002584,2.413793103,2.973511543,64.63954944,56.4327957,70.2606383,64.81971466,14.3,2.3,0.3,45.5
3,B,Missing/Undefined,30.62699,-92.91934,LA,Jul,6/4/2009,2009,12,0.1,26.52183673,28.20177778,28.31603774,26.69,0.863367347,0.623555556,0.61745283,0.846555556,73.17717391,69.2575406,68.27536232,79.43699422,23.4,11.5,5.6,136.2
1.2,B,Children,32.51746278,-83.65395442,GA,Dec,11/4/2007,2007,12,0.1,12.80410095,13.83161512,13.57453704,12.38535593,2.36382755,2.543986254,2.868981481,2.101423729,69.82932692,73.26766595,69.57075472,77.9375,22.7,21.7,14.4,238.4
2,B,Miscellaneous,41.32919221,-74.1880388,NY,Aug,7/10/2010,2010,15,0.1,23.92220957,23.48734177,23.8357513,21.56688963,1.677107062,1.853417722,1.786528497,1.472433036,70.57928389,66.85,69.28651685,75.41104294,61,35.1,31.8,146.5
7,B,Debris Burning,34.46472,-82.59054997,SC,Feb,1/19/2005,2005,16,0.1,5.583507307,8.312992126,9.846153846,8.1107628,2.755219207,2.423425197,2.460180995,3.385235602,66.49407583,72.1624714,70.35204082,67.57705287,39.2,38.7,13,139.9
7,B,Debris Burning,35.265,-88.19434,TN,Mar,2/24/2008,2008,15,0.1,8.577181208,12.12312925,11.55,14.35654822,4.599731544,4.520861678,5.1285,3.783959391,69.28590604,65.45351474,64.73,72.57942974,181.5,94.1,43.4,231.6
1,B,Debris Burning,31.99,-95.72,TX,May,4/30/2009,2009,12,0.1,23.1664919,22.28374291,23.19107505,27.74394662,2.64056244,2.200756144,1.776876268,2.365204957,68.17302193,63.27693762,68.44421907,58.57340324,15.7,12.9,12.9,12.2
13.5,C,Debris Burning,33.4356,-81.7403,SC,Mar,2/6/2002,2002,16,1,8.557265877,8.594230769,8.245991561,15.8203252,2.751130248,3.231196581,3.033755274,2.76453252,60.37899543,57.89366516,61.7260274,67.76450116,156,63,59.4,122.8
2,B,Arson,39.3375,-75.06667,NJ,Apr,3/29/1998,1998,0,0.1,13.58007566,13.91089109,13.05027933,16.62310385,4.24627995,3.764356436,3.206145251,3.554842474,65.1443299,66.87068966,65.6954023,69.6567718,63.8,25.8,3.8,115.4
1.5,B,Debris Burning,41.83333333,-121.5,CA,May,4/17/2000,2000,15,0.1,6.981751825,6.798053528,5.682539683,13.10909091,3.706138107,3.946446701,4.276373626,3.244062947,67.61708395,67.73255814,66.90184049,61.42615385,18,12.8,7.6,3.6
1,B,Debris Burning,42.489253,-95.668652,IA,May,4/16/2013,2013,9,0.1,8.980480905,11.08886792,15.17654321,17.40584687,4.308580858,4.053018868,4.058641975,3.866589327,66.31099575,65.14177694,49.28719008,76.56191806,25,11.5,2.8,168.7
5,B,Lightning,30.22291999,-94.89375001,TX,Aug,7/11/2000,2000,12,0.1,28.89859155,27.93837535,28.06586826,29.17780939,2.64971831,2.411764706,2.325748503,2.000711238,65.96006144,68.32792208,68.11029412,59.38646617,14.3,7.2,3.6,16
42.14,C,Arson,34.3806703,-85.3424525,GA,Feb,1/24/2004,2004,16,1,4.900845865,5.707663551,6.487330317,11.91052632,2.559492481,2.013271028,2.092307692,2.21645933,70.10935857,70.44206009,63.06282723,67.37536946,291.5,69.9,18.2,120.8
2,B,Miscellaneous,32.364303,-97.077942,TX,Dec,11/1/2010,2010,12,0.1,13.47725784,13.54666667,12.01984127,8.82129153,4.18905007,4.735925926,5.019444444,4.060177819,65.7215723,63.46388889,54.4047619,61.25081891,29.8,3.6,3.3,27.9
1.83,B,Debris Burning,31.95005069,-84.1461696,GA,Mar,2/1/2004,2004,12,0.1,8.583608147,8.63946281,7.984552846,15.79569536,3.490397672,3.423553719,4.027235772,2.918322296,71.89970789,69.17975207,75.69918699,56.98454746,305,79.4,77.4,25.8
5,B,Arson,35.8917,-85.2233,TN,Apr,3/26/2001,2001,15,0.1,12.74019851,15.14810127,14.52192513,17.3622251,2.282506203,2.770126582,3.314973262,2.082579787,66.75254731,63.85595568,54.18471338,68.0483871,43.5,42.2,1,19.2
4,B,Debris Burning,34.51667001,-82.15,SC,Sep,8/6/2005,2005,16,0.1,25.0408805,24.92873563,25.11538462,23.38295165,1.630922432,1.994252874,2.515384615,2.266412214,79.34189944,76.17745803,71.65384615,66.68717949,39.6,8.5,2.1,0.3
508,E,Missing/Undefined,43.773611,-88.491944,WI,Apr,3/29/2003,2003,9,10,5.422031474,9.469740634,8.535714286,12.42279942,4.660515021,4.968876081,4.238690476,3.828282828,63.96974063,58.07492795,48.54761905,63.92139738,50.3,26.9,3.8,99
20,C,Arson,31.4781,-89.6931,MS,Jun,5/16/2002,2002,12,1,23.07392996,25.9348249,26.1511879,23.6079096,1.421206226,1.0692607,1.257883369,1.329152542,68.6317584,73.25073171,74.47505423,76.20317821,41.5,0.8,0.8,15.9
1,B,Debris Burning,35.3167,-78.1,NC,Mar,2/7/2002,2002,15,0.1,9.753585398,9.214285714,10.3964497,15.2686747,3.661538462,3.708516484,3.69704142,3.815180723,61.2442953,57.70338983,63.45283019,69.34754522,55.8,29,27,130.8
2.17,B,Miscellaneous,43.28220785,-75.82579016,NY,Apr,3/30/2010,2010,9,0.1,9.135443038,7.803587444,7.854545455,13.56508121,3.16329849,3.077578475,3.045959596,3.020765661,67.70365535,68.49131514,69.08743169,68.40074906,39.3,25.8,1.1,73.3
13.36,C,Arson,32.65326185,-83.43546837,GA,Apr,3/10/2007,2007,12,1,16.86391153,17.66361446,15.19802956,18.7410817,2.544121071,2.817590361,3.494581281,2.852934407,67.16109046,67.27525253,63.1827957,64.95498783,10.7,8.4,8.4,38.9
20,C,Arson,34.67909999,-95.50848002,OK,Feb,1/29/2004,2004,16,1,4.157356322,6.550252525,8.03015873,13.92620614,3.575086505,3.526262626,3.703174603,4.339692982,69.47412756,65.57506361,64.96296296,66.18953488,41.8,13.3,12.5,35.1
1.17,B,Equipment Use,30.78961134,-83.47470829,GA,Mar,2/19/2009,2009,12,0.1,13.9709571,16.81556017,17.7,17.61773399,1.98129813,1.602697095,2.11826087,2.847487685,69.31133113,74.65767635,76.90869565,73.69261084,35.1,16.6,16.6,269
1,B,Arson,43.17635235,-77.61052715,NY,Aug,7/14/2003,2003,9,0.1,21.10706422,21.65820106,21.66622517,22.92666667,2.860733945,2.327336861,2.116225166,1.023333333,78.13176471,82.25179856,86.71276596,76.41176471,250,164,89.7,1
6,B,Debris Burning,32.64636,-80.85858,SC,Mar,2/23/2009,2009,12,0.1,12.85706522,14.43885481,12.81770335,17.43564155,2.810652174,2.291820041,2.244976077,3.606822811,74.15545755,78.48016701,72.92156863,74.03134796,102.3,6.7,0.3,223.2
5,B,Lightning,36.91305999,-106.6536,NM,Aug,7/9/2000,2000,0,0.1,18.58162791,18.47904762,19.1494898,16.92553699,3.018023256,3.018571429,3.070408163,3.086038186,45.80905753,45.03809524,42.48979592,50.32696897,17.1,4.6,1,51.5
3,B,Arson,38.20960809,-82.15267879,WV,Nov,10/14/2009,2009,0,0.1,10.16879562,10.81482213,11.24078947,6.108281389,1.976111111,2.020564516,1.963716814,2.320483005,71.43844697,63.6097561,55.4159292,71.42607897,130.1,51,8.2,36.1
10,C,Missing/Undefined,31.544552,-89.854401,MS,Feb,1/10/2008,2008,12,1,8.517915309,9.949026877,13.9702381,10.68384401,2.678875878,3.062136832,3.45694165,2.678295669,69.77517564,68.6579194,68.76458753,67.84227872,167.6,105.4,6.6,128.8
17.5,C,Arson,33.6075,-85.2867,GA,Feb,1/2/1998,1998,16,1,8.951399116,6.375,6.359477124,8.631868132,3.22352071,3.084821429,2.735947712,3.761675824,76.68837209,73.52063492,69.77697842,71.17829457,61.2,12.7,10.2,154.4
1,B,Debris Burning,33.4533,-89.1447,MS,Nov,10/24/2002,2002,16,0.1,13.17277228,12.10019646,10.37966805,7.376525822,2.651015354,2.992133727,2.655394191,2.685150376,77.0485,71.37747036,69.82463466,67.97462406,92.7,16.2,16.2,234.4
150,D,Debris Burning,27.29,-81.06,FL,Feb,1/3/1992,1992,12,3,17.92723735,19.58898305,21.19710145,20.12307692,2.122568093,2.361864407,2.057971014,1.995604396,72.33467742,75.22807018,80.14925373,74.03053435,7.3,7,3,88
1,B,Miscellaneous,35.26833,-87.27999997,TN,Feb,1/15/2006,2006,15,0.1,7.225511198,4.697011952,2.042561983,10.72448513,3.583446933,3.45498008,3.708677686,3.774713959,72.97308076,72.90818363,71.73443983,64.10882016,216.4,56.9,21.8,45.8
100,D,Missing/Undefined,35.17860031,-103.5337982,NM,Mar,3/1/1999,1999,15,3,14.78082192,14.78082192,14.57042254,20.59763314,2.615068493,2.615068493,2.58028169,2.842998028,65.40310078,65.40310078,66.464,69.54436451,5.1,5.1,5.1,33.1
13,C,Missing/Undefined,35.49832998,-94.75749998,OK,Jul,6/6/2006,2006,15,1,25.03961187,25.24885845,26.72768362,29.13763021,3.485257143,3.305263158,3.453977273,3.951953125,66.09178744,65.55528846,60.88068182,56.76822917,94.9,70.1,8.4,31.7
2.3,B,Lightning,30.76282794,-82.98410406,GA,Aug,7/7/2007,2007,12,0.1,26.08659898,25.22081031,25.35679443,27.21503198,1.600913706,1.765009208,1.637979094,1.202558635,77.82299084,80.83548983,85.02097902,76.84047109,81.6,47.8,10.7,35.1
2,B,Arson,37.4717,-83.5678,KY,Feb,1/19/1997,1997,0,0.1,2.802641879,1.959265442,0.795955882,9.154453627,2.781213307,2.38130217,2.570220588,3.255463728,73.39726027,80.03017241,74.07352941,66.56644144,88.5,38.7,10.2,278.3
1,B,Powerline,32.589068,-96.325722,TX,Sep,8/3/2014,2014,12,0.1,29.26456996,29.44850746,28.49396985,26.1646988,3.335180412,3.58675,3.284924623,3.071723301,64.34883721,65.16331658,68.49238579,67.83658537,23.8,23.3,23.3,16.8
48.4,C,Debris Burning,48.7929,-118.8518,WA,Apr,3/9/2015,2015,15,1,8.79620915,8.711842105,6.512716763,11.80290456,2.999736842,3.014095745,2.735465116,3.610570236,61.19894598,57.91489362,51.56395349,43.03059805,23.8,1.6,0.3,3.3
1.5,B,Miscellaneous,32.70388888,-116.5980556,CA,Feb,1/23/2006,2006,12,0.1,14.14768722,15.08610422,12.06951872,12.89919436,2.364317181,2.687841191,3.046524064,2.96143001,56.98451327,46.195,59.10695187,64.09466264,2.8,2.8,2.8,68.9
4.1,B,Debris Burning,33.7958,-85.2275,GA,Apr,3/3/1998,1998,16,0.1,10.06810345,13.58985507,19.25677419,14.51436541,2.967528736,2.748405797,2.717419355,2.379497908,66.91114458,70.12025316,64.81208054,70.9040404,141.9,40.3,19.3,214.2
48,C,Missing/Undefined,36.35,-92.33333,AR,Nov,10/21/2013,2013,0,1,10.81097695,10.0083151,10.33172043,2.145315315,1.963916392,2.234065934,2.776756757,1.960685302,70.38505096,66.57847534,56.08196721,74.38409311,72.3,39.1,1.5,94.5
20,C,Arson,35.4256,-92.5306,AR,Apr,3/2/2002,2002,15,1,9.201398601,10.72676056,12.30674847,16.56521739,2.64951049,2.437746479,2.514723926,1.828804348,66.48203593,70.24920128,72.28846154,71.60104302,66.4,49.4,1.6,89.6
1.1,B,Miscellaneous,39.56942,-77.43763,MD,Apr,3/20/2008,2008,0,0.1,7.678702703,9.595445545,11.58529412,13.07118812,3.915783784,3.19960396,3.315686275,3.232309217,63.79236813,69.62939959,50.33823529,73.77412731,74.8,45.8,27.2,265.5
700,E,Miscellaneous,35.5367,-95.4822,OK,Aug,7/17/2012,2012,15,10,30.26151866,29.60414508,26.32643678,25.87717391,3.71056701,3.670649351,3.613218391,3.679347826,50.35075653,50.48395722,57.05232558,64.44736842,59,20.9,20.9,10.2
3,B,Arson,35.12023,-93.71452998,AR,Jul,7/1/2006,2006,15,0.1,27.07630923,27.85498783,26.32184466,27.22828508,1.256857855,1.210705596,1.224757282,1.136859688,67.1289507,66.13613861,72.91457286,72.91098266,53.8,41,35.4,62.7
1,B,Miscellaneous,36.34194444,-119.4211111,CA,Apr,3/19/2007,2007,0,0.1,15.43851508,16.10325581,13.86481113,18.56976744,2.461299304,2.748744186,3.120079523,2.657395349,60.46542923,56.21674419,57.02385686,51.0944186,9.7,0.3,0.3,10.3
21.86,C,Arson,34.13816557,-85.38746397,GA,Aug,7/31/2006,2006,16,1,25.92592251,25.08770764,25.87477876,21.0556338,1.106215213,0.926711185,0.970089286,1.076725664,74.92112676,78.60647359,74.75446429,77.78994614,128.6,108.4,7.2,232.9
1.2,B,Equipment Use,31.72604654,-83.93603056,GA,Apr,3/7/2007,2007,12,0.1,18.32857143,20.77572115,20.59563107,18.62902408,2.267587035,2.392067308,3.07815534,2.934980989,64.45421687,66.64182692,69.13106796,56.78453739,20.1,18.8,18.8,53.6
110.4,D,Lightning,45.25945,-88.44647,WI,May,4/26/2014,2014,9,3,8.897452524,11.4497683,13.77797619,19.54930556,4.248679944,3.439017609,3.206746032,2.382638889,71.71142578,67.01477833,69.03298969,77.07801418,49.7,34.9,16.5,3.6
12,C,Debris Burning,32.66388999,-94.78916997,TX,Mar,2/12/2005,2005,12,1,13.40672963,12.52915663,15.41222222,15.31722158,2.859927798,2.434085213,3.338414634,4.157894737,67.86165049,65.01515152,52.41463415,68.95621302,53.8,11.3,2.4,91.7
3,B,Equipment Use,30.73,-81.97,FL,Mar,2/8/1998,1998,12,0.1,14.9219591,16.00113122,15.20374332,16.57809633,3.991496233,3.979638009,3.804278075,3.509288991,74.61714286,73.47606383,74.05142857,73.16846361,282.1,137.9,27.7,33.2
20,C,Debris Burning,37.63044404,-91.47143655,MO,Feb,1/23/1995,1995,0,1,12.10749703,12.365767,12.28109975,11.71475232,8.760196575,8.478326695,8.447029946,8.477721717,78.75172661,78.80437978,79.05283363,78.21589174,626,363,9,129.5
10,C,Arson,30.385,-89.1689,MS,Oct,9/1/2006,2006,12,1,25.21324582,24.61980907,22.64388889,20.98986928,2.492004773,2.731026253,2.268333333,3.02037037,73.1575179,71.83770883,67.73888889,74.10011123,126.2,38.5,32.2,90.4
20,C,Arson,33.0575,-93.4056,AR,Mar,2/1/2000,2000,16,1,13.80905233,16.55932203,17.34337349,16.40197461,3.339321075,3.947457627,4.128313253,3.175388967,67.08862629,68.40857143,69.36746988,71.14939024,39.4,38.9,37.1,195.4
1,B,Debris Burning,41.93165588,-103.5403061,NE,Oct,9/5/2009,2009,15,0.1,14.23997494,10.7286445,8.858602151,2.492251595,4.189849624,4.779283887,5.552150538,4.524178832,59.25728771,55.25641026,51.75806452,74.94106814,12.7,6.5,0.8,41.6
1,B,Debris Burning,34.31533276,-92.85088124,AR,Nov,10/13/2006,2006,16,0.1,13.70803662,13.48172043,14.37552743,8.610302352,2.505696846,2.389677419,2.465822785,2.318701008,74.90441176,71.8722467,75.9380531,68.75660161,146.4,67.9,60.8,89.5
3,B,Railroad,30.6572,-84.9881,FL,Feb,1/27/2002,2002,12,0.1,11.70692194,11.34502924,12.09876543,13.8368336,2.505315615,2.029239766,2.22962963,2.813247173,56.83478261,49.79472141,53.50931677,60.17266187,4.1,0.3,0.3,77.1
5,B,Equipment Use,32.23250078,-97.23528331,TX,Aug,7/9/2009,2009,12,0.1,29.7591922,29.18637627,29.8610338,28.76274419,3.800603528,3.658572753,3.803180915,3.825255814,55.47725162,59.66821131,58.08747515,55.46465116,11.5,4.6,1.8,13.6
2,B,Debris Burning,33.78497,-81.98895,SC,Nov,10/22/2007,2007,16,0.1,15.80396635,13.75178082,15.37745665,12.95459579,2.557091346,2.30109589,2.511560694,2.674972315,59.42770352,48.68219178,51.95375723,64.03833145,16.1,0.5,0.5,68.8
18,C,Lightning,30.43189,-93.6608,LA,Feb,1/26/2010,2010,12,1,9.44937355,8.585925926,10.97460317,13.49429764,2.989141531,2.731666667,2.712896825,2.715584416,74.06769374,70.75185185,76.05555556,70.03109049,60.7,28.7,0.5,41.6
0.89,B,Arson,31.85432035,-81.43669175,GA,Feb,1/8/2009,2009,12,0.1,9.823380829,11.0254469,6.401234568,11.87406143,2.031088083,1.912723449,2.274485597,2.504526046,75.0224525,79.68202765,66.57641921,73.4217348,34.5,10.7,2.3,91.7
5,B,Arson,30.3981,-88.4494,MS,Jul,6/11/2006,2006,12,0.1,25.68086867,25.81983471,25.93830645,26.38932238,1.478283351,1.416735537,1.481854839,1.210164271,76.04239917,75.8946281,80.4233871,80.69989723,65.3,14.3,14,125.1
7,B,Missing/Undefined,35.28997,-95.36245,OK,Feb,1/10/2008,2008,15,0.1,2.918253968,5.147669492,7.772685185,4.871966527,4.443246311,4.81059322,4.857407407,4.957486911,70.75172414,73.32613391,72.40465116,70.42602892,25.2,21.6,17,76.1
1.1,B,Debris Burning,31.8657,-92.21872,LA,Sep,8/2/2013,2013,12,0.1,25.91171171,24.72543554,25.24326531,24.75556561,0.988918919,0.790418118,0.810204082,0.931312217,79.13525699,80.40243902,77.88571429,77.62952899,73,14.9,2.5,97.7
1,B,Debris Burning,47.0016,-122.80464,WA,Mar,2/25/2002,2002,15,0.1,3.883604986,4.537749546,6.020779221,7.628415301,3.201342282,3.576406534,2.575324675,3.211384335,80.24704619,83.48305085,75.28571429,79.32517839,224.3,169.3,44.4,197.2
10,C,Debris Burning,45.62524,-94.06016,MN,Apr,3/27/1993,1993,15,1,4.469444444,6.183888889,7.498809524,12.37333333,3.965280665,4.574166667,4.9875,3.780165289,56.45824411,53.41772152,47.4375,58.29978118,60,27,2,110.3
1.25,B,Miscellaneous,42.7868,-73.9709,NY,Apr,3/15/2014,2014,4,0.1,3.29826484,6.682363636,9.233070866,11.34734345,4.363196347,4.170545455,3.835826772,4.315085389,59.92575619,62.34798535,59.372,57.89078822,118,72.2,11.4,133.2
4,B,Debris Burning,34.84625,-77.58073,NC,Mar,2/7/2009,2009,16,0.1,7.770422535,6.463713478,6.850715746,13.33008763,2.984593706,2.758018868,3.164959016,3.327631579,63.65923113,65.82375479,65.18069815,69.79488441,63.3,34.4,31.8,34.9
2,B,Debris Burning,34.15880998,-82.35635001,SC,Feb,1/9/2007,2007,16,0.1,5.337112172,3.619852941,3.158333333,9.105734767,3.157875895,3.5375,3.652777778,3.235961768,63.68680641,55.55808081,61.5,57.57352941,57.9,26.2,25.9,112.5
30,C,Debris Burning,33.32721999,-95.22694,TX,Aug,7/24/2003,2003,16,1,28.01354507,27.99059266,29.69277108,24.22085308,3.114446003,2.571442036,2.248088531,3.417252852,64.35063114,64.52780396,60.93561368,70.92673644,33.5,13.2,13.2,150.4
2,B,Debris Burning,36.899281,-83.733398,KY,Dec,11/1/2014,2014,0,0.1,4.385778275,3.427437326,11.2794702,4.923177367,1.70106383,1.747214485,2.662251656,1.25250272,71.79631829,69.19546742,65.81456954,80.24289855,78,32.5,7.1,52.6
3,B,Smoking,34.27909,-81.63404998,SC,Mar,2/2/2007,2007,16,0.1,7.889883721,10.67461369,12.10886076,14.90627401,3.411860465,3.802428256,3.669620253,2.583482714,59.54501801,61.83027523,67.66071429,60.9672346,131.8,98.8,90.9,19
1,B,Children,33.828106,-117.287512,CA,Nov,10/5/2010,2010,16,0.1,15.77886634,14.92630835,15.56289593,10.9906221,2.130440868,2.157567185,1.878733032,2.018848654,75.23076923,73.88246269,53.91878173,59.76826484,15.7,9.9,2,16.8
4,B,Lightning,26.73,-80.19,FL,May,4/26/2000,2000,12,0.1,25.06820276,26.15194508,26.06813725,27.19482201,4.412788018,3.948512586,3.939215686,4.192324324,69.36989498,73.16666667,71.55,73.84972973,11.2,9.6,7.6,152.5
0.75,B,Debris Burning,48.6419,-119.1895,WA,Aug,7/22/2015,2015,15,0.1,24.51089109,24.85395034,24.7391129,19.07429806,3.619006211,3.82239819,4.138461538,4.384078517,31.13664596,32.30542986,32.55060729,38.39803708,7.5,2.1,2.1,2.3
1,B,Debris Burning,34.0656,-93.2442,AR,Sep,8/15/1997,1997,16,0.1,27.80492424,26.90601504,26.53719008,24.38289963,3.547916667,3.309022556,3.315702479,3.527881041,57.41176471,56.9924812,54.47933884,61.80157171,3.6,1,1,181.4
3,B,Equipment Use,33.65749999,-81.67888997,SC,May,4/7/2007,2007,16,0.1,18.21251448,21.56658711,21.46666667,22.30318021,3.2603708,2.871121718,2.892694064,3.382096584,56.09367681,57.75121951,62.91509434,59.33894231,63.3,9.9,8.1,76.8
1,B,Debris Burning,39.16694444,-120.9930556,CA,Apr,3/5/1995,1995,0,0.1,2.581612903,0.915418502,6.248192771,4.009654562,2.845680346,2.583920705,3.275301205,2.916947649,73.48504274,75.74390244,73.57961783,72.46441496,449.6,143.6,0.3,205
135,D,Arson,31.1367,-88.0314,AL,Mar,2/6/1999,1999,12,3,14.43326425,13.34849188,14.46682243,16.27014925,3.659274611,4.013457077,4.248130841,3.5960199,72.55378486,69.39086294,69.5177665,74.92633015,12.5,4.3,3.3,22.5
5,B,Arson,36.055,-84.64999997,TN,Mar,2/6/2006,2006,0,0.1,5.162196679,8.606321839,9.157608696,11.06428571,1.788250319,1.788793103,2.313586957,2.14,63.15214564,59.87761194,57.41208791,61.12529833,40.5,22.9,3.8,95.5
6.5,B,Lightning,44.6061,-105.3747,WY,Aug,7/6/2009,2009,15,0.1,19.74028133,19.24292804,17.91230769,19.57407407,4.115473146,4.110173697,5.151794872,2.674074074,54.81841432,53.57568238,56.33333333,63.25925926,63.2,24,16.3,0.3
2,B,Missing/Undefined,26.09333,-81.63611,FL,Jun,5/12/2009,2009,12,0.1,25.43479657,26.57298475,26.46651163,28.57239404,3.612526767,3.575816993,3.454883721,3.867353952,78.61468927,77.18241758,77.8254717,76.41190476,85.8,33.9,19.9,91.8
0.7,B,Campfire,27.10389,-81.9825,FL,May,4/10/2009,2009,12,0.1,23.1957265,24.25531915,25.54502924,24.8875,3.561124694,3.470478723,3.102923977,3.433789062,68.44528302,65.21621622,66.91812865,78.222668,12.6,1.6,1.3,170.5
30,C,Arson,38.5478,-82.8056,KY,Jul,6/5/1999,1999,0,1,22.30010799,23.31839323,23.81361868,24.46451943,1.631857451,1.81987315,1.922568093,1.70194274,75.07065868,76.00934579,82.00913242,75.44074074,61.8,36.1,25.7,68.8
350,E,Missing/Undefined,37.22086001,-83.22164,KY,Feb,1/30/2004,2004,0,10,1.982097458,3.851764706,4.174626866,9.579213483,2.554131356,2.436235294,2.128358209,2.809325843,66.51015801,58.83373494,58.5078534,58.78975033,95.6,4.8,2.8,65.7
0.75,B,Miscellaneous,42.279,-75.2097,NY,Jul,6/19/2014,2014,9,0.1,19.74419921,19.50872093,19.40740741,18.4412993,2.111318619,2.361627907,1.608024691,2.172807425,72.24421594,71.30308219,73.73664122,75.50758765,1804,1202.6,585.2,134.2
1,B,Miscellaneous,30.39478,-97.67093,TX,Dec,11/3/2007,2007,12,0.1,15.68641509,13.33736264,13.02982456,11.48673267,3.400192678,3.631894934,2.867420814,3.254444444,74.07837302,78.62763916,77.11363636,70.54912099,62.2,61.6,9.2,24.5
1,B,Railroad,25.51,-80.39,FL,Sep,8/24/1998,1998,12,0.1,27.69640644,26.7373494,26.52857143,26.64123957,3.15204461,3.133975904,2.831428571,3.490789474,79.47127937,81.11749347,84.65217391,79.95026882,116.3,93.7,72.1,92.3
50,C,Railroad,30.48,-82.33,FL,May,4/11/1998,1998,12,1,19.97651934,21.78501362,23.3137931,25.39917582,2.955939227,3.221798365,3.574712644,2.561348006,71.79102167,73.56838906,72.77070064,71.19208211,43.8,43.5,0.8,0.8
20,C,Debris Burning,33.88334,-80.81666997,SC,Mar,2/24/2003,2003,16,1,12.86068702,15.65769231,17.66981132,16.14171657,3.498473282,3.553076923,3.85754717,3.906187625,69.69879518,70.65405405,67.13402062,66.0952381,167.6,93.4,34.5,151
3,B,Debris Burning,31.6192,-88.6692,MS,Feb,1/29/2006,2006,12,0.1,9.873339658,10.39049394,11.97211155,14.71020599,3.020821394,3.098319328,2.966733068,3.242549203,67.49048152,70.67918089,66.96410256,63.75268268,146.7,67.1,54.1,54.1
10,C,Lightning,28.28,-81.19,FL,Sep,8/13/1993,1993,12,1,26.58222222,25.79805556,25.88630952,25.35777778,3.081111111,2.992222222,2.735119048,3.483888889,80.00868307,83.28012048,83.44375,77.56425406,828.2,681.6,171.7,356.2
120,D,Missing/Undefined,38.234444,-95.015,KS,Jul,6/21/2012,2012,0,3,28.64262735,28.84041995,29.57118644,26.85525965,4.02922252,3.431233596,3.894915254,3.707190413,52.75276243,51.26771654,49.70621469,51.06258322,46.7,17,16,15.6
1,B,Equipment Use,38.41243,-105.15254,CO,Apr,3/29/1995,1995,0,0.1,5.464864865,5.340201005,5.41744186,10.96666667,5.103465347,5.371938776,5.447674419,5.352,57.136,65.38095238,72.1025641,65,194.5,193.5,170.5,101.5
5,B,Lightning,30.36127,-101.5883,TX,Aug,7/13/2008,2008,12,0.1,28.08089261,28.2734072,28.57916667,25.1097931,3.99511855,3.254570637,3.19047619,3.332965517,54.22067039,55.13573407,51.46428571,68.35172414,53.9,0.3,0.3,50.3
0.75,B,Debris Burning,40.7575,-76.39,PA,Mar,2/22/2015,2015,15,0.1,-0.580921053,3.349928673,2.617888563,4.766949153,2.277682686,2.539142857,2.914076246,2.490677966,67.77845684,61.91907514,57.53169014,70.77966102,81,36.1,4.9,0.8
1,B,Miscellaneous,43.56136186,-97.98680305,SD,Apr,3/27/2014,2014,9,0.1,6.36635183,10.00680628,14.75227273,12.3556872,6.670536829,6.623670213,6.249425287,6.400358423,60.9273183,51.69148936,44.68390805,65.22035928,4.1,3.6,0.8,35.7
1,B,Debris Burning,35.25853,-82.70496,NC,Apr,3/22/2009,2009,15,0.1,13.72874494,13.85708061,14.95348837,19.68129649,3.231897436,3.673318386,3.380693069,3.189691817,68.16313559,62.44851259,61.98974359,68.25320513,138.8,64.1,30.1,92.8
450,E,Missing/Undefined,42.4,-87.83,IL,Apr,3/29/2003,2003,9,10,5.974431818,9.039473684,7.011173184,11.22568093,4.768323864,5.053947368,4.118994413,3.985214008,65.62555066,62.47989276,60.95505618,67.40782123,45.8,5.6,1,29.5
2,B,Debris Burning,30.58679752,-93.98161492,TX,Feb,1/8/2010,2010,12,0.1,9.469136961,10.20519963,8.394411178,8.320296571,2.329362101,2.459610028,2.222754491,2.245690454,76.74610895,78.68491835,84.97971602,73.48495486,67.8,52.1,30,75.3
3,B,Lightning,46.10014,-91.21146,WI,Jun,5/13/2006,2006,9,0.1,17.27027624,19.65146727,17.58954545,20.16741935,1.801160093,1.774878049,1.795187166,1.623706897,60.81786543,60.23902439,62.34224599,63.14008621,30.1,15.7,11.1,34.2
8,B,Debris Burning,33.48165,-86.69997,AL,Apr,3/12/1996,1996,16,0.1,12.005,11.79611111,10.64583333,19.22972222,4.185277778,4.008611111,4.026785714,3.885833333,62.51067073,65.72368421,62.51898734,67.29402262,93.3,37.5,5.5,60.8
3,B,Equipment Use,32.692843,-99.688568,TX,Aug,7/19/2013,2013,12,0.1,28.86905055,28.71127098,26.94677419,28.41904177,4.198890259,4.268105516,3.126344086,3.738083538,57.72996301,56.95683453,62.38709677,50.61425061,22.7,22.1,5.3,1.3
20,C,Equipment Use,33.3544,-87.6558,AL,Jul,6/20/2000,2000,16,1,28.24828532,30.20869565,29.94642857,27.19756428,2.006392694,2.244164038,2.230519481,1.933486943,64.37418301,57.92380952,56.79084967,69.23960067,4.2,1.5,1.5,65.9
5,B,Lightning,36.11472222,-105.8416667,NM,Jul,6/3/2008,2008,0,0.1,17.9637883,18.84044527,18.76190476,19.41666667,3.863091922,3.343784787,3.024404762,3.947222222,30.7915506,38.21057514,39.18055556,44.66666667,4.2,1.6,0.3,0.3
1,B,Equipment Use,33.50236299,-97.24089046,TX,Aug,7/13/2009,2009,16,0.1,28.43572296,27.89195402,29.93636364,27.56949602,3.505105853,3.481578947,4.545402299,3.469798658,63.05808081,67.95331695,59.70114943,61.30148048,73.9,66.2,1.3,24.7
1,B,Campfire,44.466969,-74.377124,NY,Jul,6/17/2003,2003,15,0.1,18.36350148,18.83478261,17.13772455,18.94855305,2.470178042,2.810724638,3.015568862,1.771965628,69.25521669,70.37614679,72.66025641,80.67839196,8.5,3.1,3.1,77.7
10,C,Debris Burning,37.3747,-84.3492,KY,Jul,6/17/1999,1999,0,1,23.33367742,24.54601542,22.69405405,25.35782665,1.950580645,1.797943445,1.836216216,1.857438551,75.30346821,76.26571429,78.63690476,70.33863965,74.4,30.1,10.5,50.2
1,B,Debris Burning,32.42908002,-80.75157997,SC,Jul,6/29/2006,2006,12,0.1,28.74526316,29.40311111,29.4368932,28.43161765,2.429815303,2.249777778,2.189320388,2.574019608,68.39417989,68.80803571,70.55339806,75.72058824,12.7,3.3,3.3,80.2
3,B,Railroad,35.7017,-78.5883,NC,May,4/25/1998,1998,15,0.1,17.9192351,19.16940639,20.9814433,23.44439746,2.522497188,2.401826484,2.674742268,2.497463002,75.44770408,76.68019093,72.30851064,76.84150513,72.2,33.9,23.7,81.4
10,C,Miscellaneous,37.342911,-83.137268,KY,Mar,2/13/2014,2014,0,1,3.034222631,3.163288719,7.443378995,8.854134615,2.515449438,2.280273438,2.982296651,2.449019608,65.74882849,65.25,59.23444976,63.54215686,128.5,73.9,7.6,120.8
1,B,Campfire,36.60889,-82.56306,VA,Mar,2/14/2009,2009,0,0.1,5.309842041,7.250614251,10.17098446,10.1741573,2.385540705,2.318181818,2.195336788,2.498426966,64.84329349,64.86629526,68.54022989,70.25251256,70.7,34.6,23.1,84.1
1,B,Debris Burning,32.69074998,-80.91810998,SC,Aug,7/6/2006,2006,12,0.1,29.07863636,29.60654206,29.87956989,27.94887781,2.546469248,2.481308411,2.806451613,2.565336658,69.26027397,71.39252336,72.25806452,77.2275,14.7,6.1,2.8,84
1,B,Arson,33.5093935,-97.1973194,TX,Sep,8/13/2010,2010,16,0.1,27.84271186,25.9753507,25.70221402,22.23244552,4.144683258,4.916465863,5.351481481,2.504848485,66.00481348,72.17303371,78.06849315,68.95079787,241.9,223.3,163.1,20.2
15,C,Railroad,26.92,-81.98,FL,Feb,1/17/2000,2000,12,1,14.70803949,15.13714286,16.875,19.6971935,3.276304654,3.285142857,3.34875,3.45745938,68.23125997,68.53674121,67.37301587,69.77457627,44.9,17.6,3.1,3.9
1.4,B,Arson,30.98752,-92.76967,LA,Dec,11/21/2010,2010,12,0.1,13.276,7.910762332,10.7421875,12.66015831,1.556827586,1.323318386,1.875,1.662532982,75.50771388,70.15695067,67.8828125,78.10695187,36.3,6.6,1.5,31.5
1,B,Debris Burning,29.3242,-98.2592,TX,Apr,3/12/2008,2008,12,0.1,19.87898424,20.97340116,21.72295082,21.27537175,4.485551664,4.419186047,4.397131148,4.310687732,75.29588015,82.64461538,79.05531915,67.73726274,7.9,4.6,1,66.1
15,C,Debris Burning,43.1401,-98.4269,SD,Apr,3/17/2015,2015,9,1,7.07202381,9.120575221,11.22916667,13.5719697,5.796424315,5.888716814,6.838541667,5.555277476,59.75966184,59.58108108,52.91666667,65.72258772,8,6.7,5.1,106.4
1.5,B,Equipment Use,39.55881,-74.44805001,NJ,Feb,1/26/2006,2006,0,0.1,3.310871694,1.32007722,0.44957265,4.699227373,4.81380999,4.699227799,3.713675214,4.784402655,66.559,66.8128655,62.09170306,54.18576196,96.2,54.4,7.6,18.2
2,B,Miscellaneous,30.6431,-88.7678,MS,Feb,1/9/2006,2006,12,0.1,15.58823529,15.0952381,14.98089172,14.64285714,3.964705882,4.122539683,4.335031847,4.277460317,69.9032882,65.16176471,67.83458647,68.88245931,51.6,25.1,24.1,27.8
1,B,Missing/Undefined,43.3497,-98.79339998,SD,Aug,7/24/2006,2006,9,0.1,24.14534161,22.43584158,21.36470588,16.56519453,4.295218295,4.433864542,3.979452055,4.105473684,70.64910432,78.01629328,77.875,77.0252193,113.5,96.2,34,77.2
1.1,B,Debris Burning,32.27,-84.2986,GA,Sep,8/12/1999,1999,12,0.1,27.44550336,27.12540984,27.03793103,22.40415301,2.163624161,2.061748634,2.209770115,3.048630887,66.53422819,61.48907104,65.25287356,67.80093132,17.1,0.3,0.3,45.9
2,B,Debris Burning,26.93917,-81.95805,FL,Feb,1/9/2007,2007,12,0.1,17.14413043,15.49090909,16.8201005,17.74848812,3.963043478,4.42,4.861306533,3.514578834,72.64744287,69.34772727,70.53266332,70.6504329,22.1,17.9,6.9,26.5
0.75,B,Lightning,30.97298,-92.81493,LA,Mar,2/17/2010,2010,12,0.1,11.09249471,14.15263158,13.26055556,16.60539374,1.159302326,0.962938596,0.980555556,1.564902808,73.44787234,71.93612335,64.79444444,70.68152174,58.6,2.3,0.3,30.8
0.6,B,Debris Burning,34.0697,-83.9928,GA,Nov,10/8/1999,1999,16,0.1,14.60714286,12.52394366,12.31325301,12.71910112,3.372714286,3.171267606,3.543975904,2.73988764,67.7453125,59.2539185,61.77692308,65.08472012,65.3,40.7,40.7,83.4
3.5,B,Debris Burning,32.5042907,-94.6449162,TX,Nov,10/31/2013,2013,12,0.1,13.95347594,12.66993988,4.571563981,9.852760736,2.130160428,2.496593186,2.409478673,2.40408998,77.90131579,79.76569038,82.15609756,79.83740701,187.4,83.7,58.3,23.7
6.4,B,Debris Burning,47.16792,-68.55042,ME,May,4/7/2007,2007,15,0.1,2.309360519,4.553663366,3.597154472,10.73923155,4.856255792,4.445346535,4.910162602,3.910212336,68.00478469,66.3164557,72.61440678,62.75899673,32.2,13.7,6.6,46.2
0.86,B,Arson,40.8301,-73.0211,NY,Jul,6/24/2014,2014,15,0.1,23.58134593,23.55328467,23.00952381,22.52120098,3.993860685,3.472262774,2.925,3.385135135,71.94451004,71.98783455,65.17261905,69.71428571,69.4,42,3.8,365.7
5,B,Miscellaneous,42.67,-71.32,MA,Apr,3/13/2002,2002,4,0.1,4.864137087,7.883544304,7.220994475,9.88512035,3.463892289,3.760759494,3.707734807,3.301094092,63.10495627,58.94602273,56.40963855,63.02199662,81.9,33.8,2.3,76.6
1,B,Debris Burning,32.89692998,-97.56453001,TX,Apr,3/3/2006,2006,12,0.1,15.71824249,13.60163934,19.93009709,21.55402567,4.890656285,4.897131148,5.595631068,4.645624271,61.21896163,68.40336134,62.54854369,59.56942824,76.6,73.3,0.5,73.7
1,B,Arson,47.60314008,-95.53001394,MN,Apr,3/17/2005,2005,15,0.1,4.76064333,9.629182156,11.10978044,7.507699487,3.478882576,4.184479554,4.321756487,4.72394958,56.04597156,50.44651163,52.6007984,57.44024276,269.6,269.3,16.3,28.4
25,C,Arson,35.53022997,-91.52230001,AR,Apr,3/3/2003,2003,15,1,10.99051896,13.02926829,11.22465209,16.87801418,2.940568862,3.257463415,3.481510934,3.41948912,63.00862069,58.0770751,54.22908367,60.98169557,269.2,269.2,15.2,42.5
4,B,Arson,41.869337,-124.212296,CA,Jul,6/18/2009,2009,15,0.1,11.78121457,11.93001464,11.83595506,13.58047458,2.792145749,2.214348463,2.038483146,2.404613297,87.12163617,88.69279661,89.70588235,87.02724077,2,1.4,1.1,3
35,C,Miscellaneous,32.85474005,-93.60353084,LA,Jun,5/19/2005,2005,12,1,25.90616279,27.47783133,28.22134831,27.5873592,2.645348837,3.221204819,2.595505618,2.415894869,68.72906977,66.80481928,63.66292135,66.90537084,26.4,13.4,1,133.6
2,B,Debris Burning,33.26133,-80.70677,SC,Feb,1/11/2008,2008,16,0.1,8.601273885,11.05158371,13.97699531,12.07018072,2.770169851,2.701131222,2.410328638,3.561044177,71.30010718,67.66743649,72.67961165,69.27887617,67.7,23.3,10.3,104.8
1,B,Miscellaneous,32.51661,-95.90836,TX,Mar,2/23/2008,2008,12,0.1,12.24684685,14.64472656,15.60513834,17.6226321,5.094494494,4.799023437,6.264031621,4.76440678,68.88128773,69.74753452,68.13438735,71.36763237,127.9,97.9,78.5,112.9
1,B,Debris Burning,31.516362,-96.378422,TX,Jul,6/4/2010,2010,12,0.1,27.41354582,27.41878788,26.4528777,28.43478747,3.840737052,3.534545455,3.65323741,3.335682327,76.87090164,77.28810021,82.0610687,74.13416009,125,73.4,72.9,52.9
1,B,Miscellaneous,35.1833,-80.3833,NC,Nov,10/30/2002,2002,15,0.1,9.732016925,8.117142857,7.018404908,4.838297872,2.366713681,2.312571429,2.711656442,3.103404255,73.13735343,70.66139241,63.36196319,65.13915858,112.4,31.5,0.3,84.4
11,C,Campfire,30.59655,-88.38528,AL,Sep,8/6/1994,1994,12,1,26.1475,25.83611111,25.88095238,23.75875,2.900833333,2.772777778,2.732738095,3.347638889,77.76911765,78.01497006,79.09395973,77.36552749,112,90.5,36.4,617.6
2,B,Debris Burning,38.5986,-83.3317,KY,Nov,10/30/1997,1997,0,0.1,5.582294264,3.992518703,6.994219653,3.511627907,3.096259352,3.166583541,3.365895954,2.944534884,71.74904943,71.96969697,65.03571429,76.21723731,50.1,33.8,9.4,85.7
1,B,Miscellaneous,33.772019,-117.24943,CA,Sep,8/10/2011,2011,16,0.1,24.05395232,26.59672131,25.87085714,19.21022605,2.1804266,2.187978142,2.099428571,2.117115178,51.57238606,43.58082192,43.17714286,66.23031026,0.8,0.8,0.8,3.8
8,B,Missing/Undefined,31.362689,-90.870118,MS,Apr,3/13/2008,2008,12,0.1,18.0455602,19.90083411,19.45129225,18.68564815,4.179823338,3.715477294,3.709741551,3.172824074,65.28498373,73.38276182,71.71570577,65.94861111,31.5,30.5,29.2,57.5
20,C,Debris Burning,32.42788998,-95.61002999,TX,Sep,8/14/2006,2006,12,1,27.9359375,25.71659836,25.68362832,23.5036036,2.9015625,2.338729508,2.334070796,3.633220721,58.3125,58.13319672,56.47345133,60.09797297,100.7,41.3,22,53.8
40,C,Arson,31.1222,-88.1164,AL,Feb,1/15/2002,2002,12,1,13.22557078,11.18226121,8.786486486,11.92550143,3.889674419,3.905675147,3.00990991,3.867717287,78.27459016,74.76639344,74.64485981,64.68014706,122.4,80.8,27,266.8
2,B,Debris Burning,34.445,-79.95222,SC,Oct,9/3/2009,2009,16,0.1,22.29627907,21.99628942,19.63888889,16.69399162,2.423518432,2.489219331,2.814741036,2.789184149,69.61595894,69.9302974,63.67928287,73.9020979,10.2,7.9,1.5,70.5
5,B,Smoking,34.92,-95.5342,OK,Feb,1/28/1999,1999,16,0.1,10.88591549,9.395543175,9.784431138,10.42708333,4.136338028,4.219777159,4.270658683,4.142361111,65.16244411,58.06232295,65.29813665,62.74893617,24.7,11.7,10.2,109.1
2,B,Smoking,35.0783,-79.0183,NC,Jun,5/26/1993,1993,15,0.1,25.59478138,26.68764045,27.2257485,28.42371429,2.380659026,2.779603399,3.233939394,2.531,62.10760402,61.9490085,59.78787879,66.02582496,67.1,43.1,0.5,135.9
1,B,Debris Burning,33.27203002,-93.8722,AR,Apr,3/15/2006,2006,16,0.1,15.7174359,20.33160173,19.14393939,21.32565445,3.137333333,3.483333333,3.189393939,3.155078534,70.26231386,71.00656455,66.34715026,74.57465091,139.2,21.4,14.2,81.5
3.53,B,Debris Burning,32.50506163,-83.81197748,GA,Mar,2/4/2009,2009,12,0.1,10.08062016,9.987570621,9.920529801,15.36816741,3.090600775,3.662335217,3.678145695,2.335827521,65.49509804,64.61728395,72.28877005,71.16666667,90,86.2,49.1,239.1
2,B,Equipment Use,32.03528001,-95.30611,TX,Dec,11/21/2003,2003,12,0.1,10.10619684,8.048058252,7.439361702,10.80310559,4.464398542,4.339805825,3.890957447,4.419314642,64.710199,63.76485149,58.10326087,68.69902913,30.5,25.2,2,66
3,B,Debris Burning,47.75485979,-95.17575207,MN,Apr,3/24/2004,2004,15,0.1,3.553151458,3.346691519,5.898406375,8.225490196,3.93480715,3.830661696,3.887450199,4.68411215,61.75094518,59.62534949,64.45418327,51.9682243,8.2,7.7,6.4,67.5
1,B,Miscellaneous,32.7633,-89.4103,MS,Jun,5/19/2007,2007,12,0.1,24.20155902,26.52421525,26.99259259,24.73292469,2.151457399,2.411764706,1.722340426,1.76437613,66.47533632,64.87104072,59.75531915,78.75412844,63.6,35.6,0.6,285.6
12,C,Debris Burning,36.9533,-83.8522,KY,Nov,10/20/1997,1997,0,1,5.982367758,3.586448598,1.352331606,3.827210884,2.2,2.295794393,2.759585492,2.139591837,77.89580318,81.55614973,78.62573099,75.98804185,74.2,42.9,21.6,66.9
1,B,Miscellaneous,33.36512,-92.53029,AR,Feb,1/26/2007,2007,16,0.1,6.923934426,9.731101512,14.25945946,15.10986359,3.053333333,3.799784017,3.995945946,2.499895068,70.13271246,66.76112412,65.62121212,70.56699889,44.9,29.7,1,113.3
2,B,Debris Burning,37.29615,-92.51763,MO,Mar,2/7/2000,2000,0,0.1,10.37360179,14.30516432,12.02970297,11.84598214,5.10045045,5.602816901,4.198019802,4.489189189,55.91452991,52.81122449,55.14772727,52.53543307,42.2,15.5,15,23.4
2,B,Debris Burning,29.61443999,-82.69860997,FL,May,4/11/2004,2004,12,0.1,20.12206983,21.89156328,21.6315508,25.2034398,2.239775561,2.282382134,1.837967914,2.139237392,69.80500659,69.36031332,65.0923913,74.76264591,51.8,12,2.2,205.8
4,B,Debris Burning,33.55432999,-81.10319,SC,Apr,3/15/2006,2006,16,0.1,13.78607022,17.62031603,16.69292453,19.87899891,2.856398641,3.059593679,2.55990566,3.106420022,53.875,54.16590909,56.89099526,61.53777778,65.8,20.4,20.4,68
5,B,Debris Burning,31.1806,-88.0653,AL,Jul,6/3/2000,2000,12,0.1,25.59989848,26.08789683,25.24596774,27.95818182,2.62174359,2.311445783,2.254098361,2.617640693,77.4248366,80.05732484,82.48,71.97600872,154.9,90.4,57.4,191.8
5,B,Children,28.9819,-82.1944,FL,Apr,3/8/2002,2002,12,0.1,20.21115974,20.34296029,20.63342318,23.59253945,2.29375,2.252898551,2.424324324,2.157443753,69.73474178,70.5681382,73.4180791,69.84006211,10.9,10.9,10.9,45.3
5,B,Miscellaneous,32.9994,-80.695,SC,Dec,11/23/2000,2000,12,0.1,6.857355126,6.406349206,3.303571429,0.325581395,2.760267857,3.06984127,3.339880952,2.56744186,66.32409012,65.16544118,66.01960784,53.53684211,18.6,8.9,8.9,14
110.3,D,Lightning,41.1567,-116.0739,NV,Jul,6/18/2007,2007,15,3,24.26769852,26.46194226,26.72688172,24.79283276,2.57100271,2.528346457,2.966129032,2.474657534,21.7734057,23.83157895,27.14516129,32.31849315,0.8,0.8,0.8,0.8
5,B,Lightning,34.3667,-80.5167,SC,May,4/14/2001,2001,16,0.1,20.42757009,22.73658537,22.98,25.25290023,3.953571429,3.334285714,3.56,3.346867749,52.13736264,50.46285714,52.3,64.24065421,60,36.9,36.9,95.1
1,B,Debris Burning,33.4728,-80.9653,SC,Jul,6/9/2000,2000,16,0.1,26.12962963,26.07002801,26.49101796,26.34217877,2.202136752,2.157983193,2.167065868,1.318296089,71.82988871,72.63636364,70.23178808,74.89156627,106.2,86.9,2.5,15.1
20,C,Missing/Undefined,34.37783001,-95.58500001,OK,Mar,2/9/2005,2005,16,1,9.394736842,8.595464853,10.77676768,12.45864486,3.414449541,2.979138322,3.442424242,4.706892523,69.88615023,68.95081967,65.72340426,64.43876338,27.5,5.6,0.3,77.9
1.5,B,Debris Burning,31.8244,-84.2772,GA,Mar,2/15/1999,1999,12,0.1,11.11639344,11.01073059,10.37969543,18.26543062,3.475498242,4.114187643,4.192893401,2.776555024,59.57091776,56.86605081,58.00510204,61.07833537,102.7,50.1,41.4,27.5
5,B,Miscellaneous,34.7897,-95.8178,OK,Mar,2/14/2001,2001,16,0.1,8.507764391,9.833928571,11.44863388,14.35304799,3.735207497,3.180952381,3.82568306,4.031776913,75.74293785,70.78360656,66.86624204,67.81595092,130.2,11.2,5.9,23
2,B,Miscellaneous,31.664194,-94.997063,TX,Jun,5/16/2010,2010,12,0.1,26.77413219,26.98393195,27.062,27.9916318,2.480391221,2.561800948,3.11743487,2.231395349,62.02528626,64.88720379,66.57114228,63.01488372,61.2,57.3,49.9,68.5
10,C,Debris Burning,29.04629,-98.67649,TX,May,4/4/2013,2013,12,1,20.19468485,19.79458175,21.22292089,25.0038602,3.450070588,3.211132255,3.019512195,3.656494523,64.44221585,61.79649464,69.53668763,63.81272822,55.5,39.3,35,29
4.5,B,Lightning,31.69696873,-82.22509789,GA,Jun,5/12/2007,2007,12,0.1,22.28236607,23.37735849,26.54271357,25.40421053,2.838058036,3.498113208,3.01959799,2.072526316,67.97541899,73.15801887,68.22110553,73.02631579,130,121.3,18.5,72.7
1,B,Debris Burning,34.19406,-92.44496,AR,Jul,6/5/2010,2010,16,0.1,28.12330211,28.16512702,27.0513089,28.19829932,2.650702576,2.674364896,3.178534031,2.280498866,70.29073857,70.41435185,69.82198953,75.43424036,72.5,45.6,16.6,71.4
2,B,Debris Burning,47.17398,-121.05123,WA,May,4/5/2008,2008,15,0.1,-0.539130435,0.100871249,1.137171717,2.772046589,2.790211433,2.645088409,2.771725572,3.441498559,83.91811024,83.56367226,84.75313808,88.48181818,78.1,63.9,25.4,22.9
1,B,Arson,41.586317,-74.494453,NY,Aug,7/2/1999,1999,15,0.1,21.72105997,22.38172043,22.29378531,18.73220974,2.461506276,2.10483871,2.169491525,2.316510319,69.69252874,69.85236769,67.79289941,72.22080679,96.4,39.9,17.3,55.5
1,B,Debris Burning,35.52111111,-120.4538889,CA,Nov,10/29/2005,2005,15,0.1,14.09316038,13.92790698,12.20081967,11.7445932,2.360259434,2.092790698,2.392213115,1.977342945,65.02547771,58.55269923,66.36945813,76.57127193,22.2,1.1,1.1,35.3
3,B,Equipment Use,30.18,-82.19,FL,May,4/5/1997,1997,12,0.1,19.3505305,20.87585302,21.59418605,22.06366083,3.362997347,3.482939633,3.234883721,2.367250674,71.58394161,75.15542522,74.46710526,75.46898638,269.8,243.9,68.9,97.4
2,B,Miscellaneous,34.873,-112.5633,AZ,Jul,6/25/2000,2000,16,0.1,24.26291391,25.52841823,26.42122905,24.31242158,3.559840426,3.345698925,3.512921348,3.155102041,38.04793609,32.88172043,34.08988764,49.52307692,51.4,27,10.7,90.7
80,C,Debris Burning,33.78278,-95.79222,TX,Mar,2/15/2008,2008,16,1,9.494628678,10.43032015,13.21255061,15.02131603,4.981626928,5.150753296,4.081578947,5.591566265,68.01086957,68.95931883,67.06748466,67.73078782,145.2,93.8,30,227.9
2,B,Lightning,41.27611111,-121.5138889,CA,Apr,3/26/2000,2000,15,0.1,7.830242511,7.563739377,6.81595092,10.50631136,2.682881598,2.816997167,2.733742331,3.11486676,60.1760355,69.27439024,70.82758621,58.18848921,30.9,30.4,17.2,41
4,B,Debris Burning,38.27526607,-82.35788175,WV,Mar,2/11/2006,2006,0,0.1,4.395085066,6.928683694,10.235,8.468715084,2.831852552,2.618860511,2.43125,2.716759777,60.12287335,55.53438114,61.3875,61.71455224,60.6,22.6,21.6,131
1,B,Equipment Use,37.0671731,-93.95931714,MO,Mar,3/1/1996,1996,0,0.1,4.318095238,5.023798077,4.510880829,11.63900119,5.038782816,4.997826087,5.440837696,5.16452381,59.68466258,62.67076167,74.14673913,59.92473118,14,12.7,10.9,136.1
150,D,Debris Burning,29.8671,-99.2651,TX,Oct,9/15/2009,2009,12,3,21.59018519,21.53148148,19.20198413,15.47561428,2.625046296,2.980277778,2.921230159,2.595085767,75.4662037,78.74074074,82.93055556,72.26044568,45.6,16.7,14.4,70.3
0.54,B,Powerline,45.57461,-88.02885,WI,Apr,3/16/2010,2010,15,0.1,5.343710292,7.857793765,4.843478261,8.868261965,3.213248408,3.580095923,4.148309179,3.853467844,57.09833972,60.98072289,60.7826087,56.31904161,7.2,7.2,3.1,20.4
1,B,Arson,37.9778,-83.0569,KY,Mar,2/26/1999,1999,0,0.1,4.17027833,5.48954918,6.19342723,14.37710438,3.299403579,3.032991803,2.468544601,2.848821549,67.03419689,61.78555799,62.25615764,58.0554855,106.3,30.8,8.2,58.3
1,B,Equipment Use,31.6744,-89.9378,MS,Aug,7/17/2004,2004,12,0.1,25.51308411,24.75538894,22.78714859,24.80738523,1.181252922,1.737804878,2.057028112,1.318681319,72.4745208,70.39305816,72.23493976,75.78989899,77.6,38.7,38.7,40.4
200,D,Debris Burning,44.8426,-96.8337,SD,May,4/4/2009,2009,15,3,8.808105604,10.54481481,10.59920635,16.16349578,5.052200093,5.66537037,5.801587302,4.596438613,60.23059042,64.15018657,66.0695825,57.01171509,11,10.2,9.4,17.8
9,B,Lightning,62.35035,-146.233067,AK,Jun,5/21/2015,2015,0,0.1,13.72833914,13.48587963,17.53065327,17.02589286,3.544847775,4.429742389,3.567179487,2.097321429,49.52224824,48.51522248,40.58461538,59.52678571,35.4,31.8,20.8,1
1,B,Equipment Use,30.42,-86.81,FL,Sep,8/9/1997,1997,12,0.1,27.85621762,27.48793566,27.49425287,25.92729592,3.376165803,3.41152815,3.636781609,3.524362245,72.80208333,70.08894879,70.98255814,71.96218487,16.4,5,2.5,92.5
2.5,B,Railroad,27.64,-81.46,FL,Mar,2/21/1992,1992,12,0.1,21.16291391,20.14785714,21.24782609,22.45567766,2.374503311,2.62,3.076811594,2.791575092,67.49337748,61.52142857,59.88405797,65.46616541,69,18,2,26.5
1,B,Debris Burning,32.3003126,-94.6193968,TX,Feb,1/9/2015,2015,12,0.1,8.673003033,10.21360691,7.77944664,9.979806763,2.431072874,2.650323974,2.539130435,2.623620523,76.34174553,72.56140351,83.15853659,80.07232704,63.9,10.3,5.5,66.9
1,B,Debris Burning,31.5533,-88.5583,MS,Aug,7/6/2006,2006,12,0.1,26.92497626,26.56908213,26.658,26.97951583,1.704890788,1.628309179,1.3654,1.448556797,72.47042716,75.21939954,76.64470588,73.16109914,39.1,36.3,34.8,425.4
14.6,C,Debris Burning,31.9961,-84.7414,GA,Mar,2/26/1999,1999,12,1,12.7764294,13.09631336,13.242723,20.05066505,3.511799065,3.305760369,2.938028169,3.119951632,57.06745562,58.03738318,60.94230769,62.58990148,108.8,63.3,23.4,5.1
3,B,Campfire,38.2912379,-81.79345105,WV,Apr,3/20/2006,2006,0,0.1,10.87558984,14.70680529,18.48185328,14.91893158,2.472413793,2.679395085,2.76988417,2.261199625,64.02183803,57.47348485,59.00387597,65.8741784,172,113.4,63.6,121.6
140,D,Arson,37.4103,-83.3944,KY,Oct,9/28/2001,2001,0,3,13.82342007,13.39580247,14.3483871,11.67263294,2.569962453,3.02,3.33655914,2.135816993,62.09183673,61.16296296,58.25268817,52.18733509,35.8,23.6,10.2,38.3
5,B,Miscellaneous,32.5342,-92.9911,LA,Nov,10/7/1999,1999,12,0.1,17.46428571,15.8028169,15.43113772,14.53717472,2.026857143,2.381126761,3.156886228,2.790334572,67.96129032,63.81470588,67.08074534,69.17970402,78.1,37.4,37.4,65.8
11,C,Equipment Use,25.56,-80.39,FL,Feb,1/6/2000,2000,12,1,18.06900585,17.06928406,19.29824561,18.85594238,3.331242604,3.404235294,3.034375,3.278308824,72.81487342,74.41764706,78.86390533,72.52786885,8.6,7.2,3.6,20.1
3,B,Debris Burning,39.68389,-78.01417,MD,Mar,2/13/2008,2008,0,0.1,2.207520891,4.695670103,4.297637795,8.219812304,3.659205426,4.284742268,3.761023622,3.505005214,71.6038835,68.17319588,71.98031496,66.96760711,78.1,64.5,11.7,53
1.8,B,Miscellaneous,31.362,-110.9216,AZ,Jul,6/4/2010,2010,12,0.1,27.60245566,29.27849462,29.84382022,25.68566703,3.064938608,2.947043011,3.284831461,2.356449835,20.38472033,19.52956989,23.15730337,58.07692308,0.3,0.3,0.3,77.6
5,B,Arson,33.7289,-86.5953,AL,Feb,1/23/2000,2000,16,0.1,7.215825688,12.9557377,12.79897436,14.3902924,3.24614486,3.162411348,3.332307692,3.5,70.28047337,70.47016706,70.05154639,64.18646232,81.6,22.1,2.8,256.6
19,C,Lightning,34.5269,-80.9475,SC,Apr,3/19/2002,2002,16,1,15.13037634,16.65865385,19.01449275,19.59004739,2.666397849,2.517788462,2.109661836,2.970462633,64.23779528,63.86549708,72.65408805,68.08408797,34.9,14,5.9,59.4
18,C,Arson,35.0167,-79.2,NC,Nov,10/11/2000,2000,15,1,15.29342105,14.66580977,15.83743842,6.409371147,1.644563758,1.677748691,1.511055276,2.450943396,67.59407407,68.19308357,73.35882353,68.41473988,10.7,10.7,10.7,71.3
335,E,Arson,30.9611,-88.3692,AL,Feb,1/11/2000,2000,12,10,10.05786228,6.441558442,7.199126638,17.2759058,3.320803296,2.909565217,1.796035242,3.57919708,66.15233786,63.74622356,64.13043478,76.11568409,60.9,18.7,6.4,30.2
2,B,Railroad,29.08,-81.9,FL,Mar,2/24/2000,2000,12,0.1,19.80622348,20.13483146,20.37724551,20.82394366,3.086704385,3.471348315,3.835928144,2.905774648,69.2027439,68.90560472,70.89171975,66.01788376,4.5,2.7,0.6,22.2
1,B,Smoking,35.1917,-79.1617,NC,Jul,6/5/1993,1993,15,0.1,27.06331445,27.44971751,28.37361963,28.61463068,2.635185185,2.661079545,2.428220859,2.74002849,61.9002849,62.46590909,64.3190184,66.17310443,74.4,31.8,17.3,109.6
2,B,Debris Burning,35.8083,-81.2083,NC,Feb,1/26/1995,1995,15,0.1,3.892844037,6.155648536,9.085840708,12.39420935,3.035229358,3.161506276,3.765486726,3.261383929,51.84786642,50.57692308,48.44545455,51.18949772,1607,357,357,513
2,B,Missing/Undefined,31.636126,-91.090845,MS,Mar,2/5/2009,2009,12,0.1,12.33968401,11.15027829,10.37425743,16.17724495,4.014219331,4.043784787,4.356039604,3.414292431,59.72537175,56.55473098,57.31089109,67.49341486,8,0.8,0.8,182.1
2,B,Equipment Use,33.46681,-80.91616,SC,Dec,11/3/2007,2007,16,0.1,11.83621302,12.68300654,11.78769841,12.1981922,2.230650888,2.238997821,1.791269841,2.454440154,65.88875598,69.63938053,74.05263158,77.58333333,6.7,6.1,4.1,156.5
20,C,Equipment Use,30.04,-82.85,FL,Mar,2/26/1999,1999,12,1,14.93053435,15.20666667,15.37083333,20.57900641,2.825840979,2.689722222,2.4875,2.713942308,68.26424051,69.01724138,69.11392405,70.78619529,1.4,0.6,0.3,0.9
2.2,B,Debris Burning,35.18615,-81.08189,NC,Apr,3/6/2009,2009,15,0.1,12.10725022,13.25106383,14.49222615,15.90875831,2.010521662,1.73797054,1.797526502,1.723392461,74.69108911,76.92673993,75.71863118,66.33957845,93,55.9,32,78.5
1.5,B,Arson,37.1367,-83.2225,KY,Apr,3/8/2000,2000,0,0.1,10.8753032,12.72329412,12.71272727,12.83313373,3.06509434,3.203241895,3.519900498,2.626914661,57.61891516,54.98670213,56.13068182,66.56679637,87.9,46.1,39.7,109.1
100,D,Debris Burning,35.64,-84.09,TN,May,4/22/1997,1997,15,3,15.22910849,16.33995215,18.49105263,19.22212726,3.513533835,3.521770335,3.912631579,2.798480532,67.25769231,62.77202073,61.97326203,82.75516529,157.5,64,54.4,183
0.8,B,Debris Burning,31.4122,-81.9167,GA,Jun,5/4/1998,1998,12,0.1,25.97965116,28.55063291,28.3902439,30.74744898,3.334593023,3.468987342,3.409756098,4.238520408,63.33333333,61.1835443,69.03658537,55.84693878,5.1,5.1,5.1,8.4
30,C,Debris Burning,37.612148,-82.992073,KY,Apr,3/20/2014,2014,0,1,9.69813176,12.51833333,11.942723,16.81475904,2.466432161,2.47130621,2.386407767,1.452066116,60.75879397,59.81156317,54.95631068,67.20557851,109.4,61,7.4,107
5,B,Missing/Undefined,35.11936,-82.86617,NC,May,4/5/2008,2008,15,0.1,17.18932764,18.91053864,17.82903226,21.15802616,2.187393162,2.304929577,2.416129032,2.782639715,64.89008621,62.01877934,64.6359447,65.13436385,82.1,35.8,30.7,45.7
2,B,Debris Burning,34.4722,-92.7411,AR,Mar,2/21/1997,1997,16,0.1,13.31358382,14.94603175,15.4,16.36247723,3.903468208,3.578095238,3.657419355,4.138615665,69.32764505,64.93189964,63.01459854,52.80114723,257.3,64,16,74.5
2,B,Lightning,34.47984,-79.48415,SC,Apr,3/21/2008,2008,16,0.1,14.08864758,15.5,13.58823529,18.22183908,3.726554788,3.293213573,3.458235294,3.5446186,71.78712357,72.71428571,55.57058824,72.82532751,90.6,77.6,2.5,59.4
13,C,Arson,37.53623059,-81.29947665,WV,Oct,9/20/2007,2007,0,1,18.51589404,16.90513347,17.40820513,9.846522556,2.787086093,2.946406571,2.979487179,3.753853383,62.0816777,63.84188912,59.15897436,66.125,17.6,17.6,0.3,130
15,C,Arson,30.4,-88.43333333,MS,Feb,1/12/1997,1997,12,1,10.77424094,11.9459893,11.55650224,15.62402235,3.62820764,3.316399287,3.668609865,4.247765363,74.42307692,82.24586288,79.32093023,78.11809045,97.7,45.1,16.8,138.8
2,B,Arson,31.03416667,-89.03361111,MS,Nov,10/23/1999,1999,12,0.1,14.20949721,14.78151261,14.01807229,16.27777778,1.196078431,1.077247191,1.475903614,0.919444444,69.00998573,69.96541787,65.99378882,87.47457627,4.9,0.3,0.3,3
1,B,Children,34.23487998,-92.11815002,AR,Aug,7/19/2006,2006,16,0.1,28.8622688,29.21616915,28.49695431,25.59039474,3.258939581,3.015920398,2.915736041,2.463684211,63.90505549,64.50497512,67.32994924,64.29868421,67.6,36.6,9.7,24.4
10,C,Miscellaneous,28.9099412,-96.8315725,TX,Jun,5/18/2013,2013,12,1,26.57936585,26.6115942,27.48952772,28.09575569,4.054878049,2.804637681,2.900616016,3.383747412,78.35707317,78.62898551,78.94250513,71.63975155,45,45,7.9,6.1
5,B,Arson,32.7328,-89.7833,MS,May,4/10/2007,2007,12,0.1,19.4941704,21.72745995,22.91,23.67120292,2.984785134,2.496551724,2.725,2.625822168,67.88719154,70.1275,75.54672897,66.54222766,53,29.7,29.7,13.5
15,C,Lightning,33.4667,-81.6167,SC,Jun,5/26/2000,2000,16,1,25.50142045,26.43641618,26.375,26.78571429,2.524573864,2.217052023,2.114285714,1.80952381,66.41167192,71.34185304,75.59333333,71.7887538,56,19.3,19.3,99.7
2096,F,Miscellaneous,48.0072,-120.2425,WA,Jul,6/4/2013,2013,15,50,19.39192708,19.60247525,24.17988506,24.42803235,3.011096606,2.701741294,3.117816092,3.93787062,54.39164491,65.06965174,54.00574713,34.40161725,43.7,41.9,2.5,19
1,B,Equipment Use,35.072973,-101.690273,TX,Sep,8/18/2015,2015,15,0.1,23.56176471,24.45484496,23.08612245,19.15942164,5.664482431,6.007364341,6.77877551,4.989542484,58.33396765,54.34046693,56.4,63.15514019,61,5,5,70.8
35,C,Miscellaneous,32.05001,-96.48163,TX,Jul,6/28/2008,2008,12,1,28.42911548,28.37002342,29.30918919,27.29811321,3.320098644,2.942253521,3.226086957,3.31302521,62.87777778,65.64,59.75,70.70273109,72,67.7,2,99.7
5,B,Equipment Use,29.095552,-98.432779,TX,Apr,3/22/2013,2013,12,0.1,19.39897579,20.81835206,21.66064257,22.2980724,3.323195156,3.687172285,3.603413655,3.337347131,62.89471221,63.34086629,61.34406439,62.70837298,25.4,13.7,3.3,37.8
2,B,Lightning,26.80889,-81.89639,FL,Jun,5/4/2008,2008,12,0.1,25.71164614,26.75430464,26.5285,26.37766393,3.993505039,4.173730684,3.6805,3.24692623,71.54618016,72,68.69,76.8545082,31.6,30.8,24.6,183.3
3,B,Debris Burning,32.7875,-80.9953,SC,Feb,1/3/2002,2002,12,0.1,9.787709497,13.81615599,16.17857143,9.146853147,3.610056926,3.422648084,3.221705426,2.980168776,65.19469027,66.44758065,64.75221239,57.52140673,31.3,6.1,0.5,47.2
8,B,Debris Burning,28.31278,-82.34612,FL,Feb,1/11/2009,2009,12,0.1,10.90821355,12.23468951,8.813297872,14.5882481,2.217060637,2.303648069,2.521925134,2.512540894,72.76751947,71.82086168,63.51351351,69.18943743,36.1,23.6,10.4,8.6
2,B,Debris Burning,31.32690998,-94.79701999,TX,Mar,2/25/2006,2006,12,0.1,15.27693762,13.47525677,9.787698413,21.30600838,3.459252248,3.464419476,3.138690476,3.332494172,65.79695929,63.18277512,66.00204082,73.50619118,152.9,75.9,75.4,77.7
4,B,Smoking,35.3483,-90.8019,AR,Sep,8/15/1999,1999,15,0.1,25.50207469,25.24590164,23.26436782,19.18560606,2.447302905,2.38852459,2.233333333,2.677003942,59.86750349,60.09141274,62.35502959,59.16929699,10.2,9.7,9.7,93.8
